{
"lengthUnit": "mil",
"components": {
	"fields": ["COMPONENT_NO", "COMPONENT_NAME", "LAYER", "X_COORDINATE", "Y_COORDINATE", "ANGLE"],
	"rows": [
		[1, "C1", "T", 2006.79, -911.79, 270],
		[2, "C2", "T", 2161.79, -1771.79, 90],
		[3, "C3", "T", 2096.79, -1771.79, 90],
		[4, "C4", "T", 3350, -2500, 180],
		[5, "C5", "T", 1826.79, -1286.79, 90],
		[6, "C6", "T", 1636.79, -4171.79, 270],
		[7, "C7", "T", 2606.79, -1361.79, 270],
		[8, "C8", "T", 3575, -2865, 0],
		[9, "H3", "T", 1836.79, -3361.79, 90],
		[10, "H4", "T", 2931.79, -3233.25, 270],
		[11, "H5", "T", 2881.79, -4133.25, 180],
		[12, "LED", "T", 4320, -2550, 0],
		[13, "PWR", "T", 4320.87, -2675, 0],
		[14, "R1", "T", 2071.79, -1891.79, 180],
		[15, "R2", "T", 4090, -3305, 0],
		[16, "R3", "T", 4090, -3180, 0],
		[17, "R4", "T", 4090, -2550, 0],
		[18, "R5", "T", 4090, -2675, 0],
		[19, "R6", "T", 3865, -3305, 0],
		[20, "R7", "T", 3866.41, -3179.15, 0],
		[21, "RX", "T", 4320, -3305, 0],
		[22, "SW1", "T", 3870, -3705, 0],
		[23, "TX", "T", 4320.87, -3180, 0],
		[24, "U1", "T", 2221.79, -1336.79, 270],
		[25, "U2", "T", 3650, -2610, 0],
		[26, "USB1", "T", 4280, -2890, 90],
		[27, "X1", "T", 2191.79, -2141.79, 180]
	]
},
"pins": {
	"fields": ["PIN_NO", "PIN_NAME", "PIN_X", "PIN_Y", "LAYER", "PIN_TYPE", "NET_NAME", "NET_TYPE", "PAD_SHAPE", "PAD_SIZEX", "PAD_SIZEY", "HOLE_SIZE", "PAD_ANGLE"],
	"rows": [
		[1, "C1_1", 2006.79, -890.33, "T", "SMD", "$1N1069", "", "R", 31.11, 21.26, 0, 270],
		[2, "C1_2", 2006.79, -933.25, "T", "SMD", "GND", "GND", "R", 31.11, 21.26, 0, 270],
		[3, "C2_1", 2161.79, -1793.25, "T", "SMD", "GND", "GND", "R", 31.11, 21.26, 0, 90],
		[4, "C2_2", 2161.79, -1750.33, "T", "SMD", "$1N1420", "", "R", 31.11, 21.26, 0, 90],
		[5, "C3_1", 2096.79, -1793.25, "T", "SMD", "GND", "GND", "R", 31.11, 21.26, 0, 90],
		[6, "C3_2", 2096.79, -1750.33, "T", "SMD", "$1N1443", "", "R", 31.11, 21.26, 0, 90],
		[7, "C4_1", 3371.46, -2500, "T", "SMD", "$1N1959", "", "R", 31.11, 21.26, 0, 180],
		[8, "C4_2", 3328.54, -2500, "T", "SMD", "RST", "", "R", 31.11, 21.26, 0, 180],
		[9, "C5_1", 1826.79, -1308.25, "T", "SMD", "GND", "GND", "R", 31.11, 21.26, 0, 90],
		[10, "C5_2", 1826.79, -1265.33, "T", "SMD", "VCC", "", "R", 31.11, 21.26, 0, 90],
		[11, "C6_1", 1636.79, -4150.33, "T", "SMD", "GND", "GND", "R", 31.11, 21.26, 0, 270],
		[12, "C6_2", 1636.79, -4193.25, "T", "SMD", "VCC", "", "R", 31.11, 21.26, 0, 270],
		[13, "C7_1", 2606.79, -1340.33, "T", "SMD", "GND", "GND", "R", 31.11, 21.26, 0, 270],
		[14, "C7_2", 2606.79, -1383.25, "T", "SMD", "VCC", "", "R", 31.11, 21.26, 0, 270],
		[15, "C8_1", 3553.54, -2865, "T", "SMD", "GND", "GND", "R", 31.11, 21.26, 0, 0],
		[16, "C8_2", 3596.46, -2865, "T", "SMD", "3V", "", "R", 31.11, 21.26, 0, 0],
		[17, "H3_1", 1886.79, -4211.78, "T", "DIP", "VCC", "", "R", 66.93, 66.93, 43.31, 90],
		[18, "H3_1", 1886.79, -4211.78, "B", "DIP", "VCC", "", "R", 66.93, 66.93, 43.31, 90],
		[19, "H3_2", 1786.78, -4211.79, "T", "DIP", "VCC", "", "C", 66.93, 66.93, 43.31, 90],
		[20, "H3_2", 1786.78, -4211.79, "B", "DIP", "VCC", "", "C", 66.93, 66.93, 43.31, 90],
		[21, "H3_3", 1886.78, -4111.79, "T", "DIP", "GND", "GND", "C", 66.93, 66.93, 43.31, 90],
		[22, "H3_3", 1886.78, -4111.79, "B", "DIP", "GND", "GND", "C", 66.93, 66.93, 43.31, 90],
		[23, "H3_4", 1786.78, -4111.79, "T", "DIP", "GND", "GND", "C", 66.93, 66.93, 43.31, 90],
		[24, "H3_4", 1786.78, -4111.79, "B", "DIP", "GND", "GND", "C", 66.93, 66.93, 43.31, 90],
		[25, "H3_5", 1886.78, -4011.79, "T", "DIP", "TX0", "", "C", 66.93, 66.93, 43.31, 90],
		[26, "H3_5", 1886.78, -4011.79, "B", "DIP", "TX0", "", "C", 66.93, 66.93, 43.31, 90],
		[27, "H3_6", 1786.78, -4011.79, "T", "DIP", "RX0", "", "C", 66.93, 66.93, 43.31, 90],
		[28, "H3_6", 1786.78, -4011.79, "B", "DIP", "RX0", "", "C", 66.93, 66.93, 43.31, 90],
		[29, "H3_7", 1886.78, -3911.79, "T", "DIP", "D3", "", "C", 66.93, 66.93, 43.31, 90],
		[30, "H3_7", 1886.78, -3911.79, "B", "DIP", "D3", "", "C", 66.93, 66.93, 43.31, 90],
		[31, "H3_8", 1786.78, -3911.79, "T", "DIP", "D2", "", "C", 66.93, 66.93, 43.31, 90],
		[32, "H3_8", 1786.78, -3911.79, "B", "DIP", "D2", "", "C", 66.93, 66.93, 43.31, 90],
		[33, "H3_9", 1886.78, -3811.79, "T", "DIP", "D5", "", "C", 66.93, 66.93, 43.31, 90],
		[34, "H3_9", 1886.78, -3811.79, "B", "DIP", "D5", "", "C", 66.93, 66.93, 43.31, 90],
		[35, "H3_10", 1786.78, -3811.79, "T", "DIP", "D4", "", "C", 66.93, 66.93, 43.31, 90],
		[36, "H3_10", 1786.78, -3811.79, "B", "DIP", "D4", "", "C", 66.93, 66.93, 43.31, 90],
		[37, "H3_11", 1886.78, -3711.79, "T", "DIP", "D7", "", "C", 66.93, 66.93, 43.31, 90],
		[38, "H3_11", 1886.78, -3711.79, "B", "DIP", "D7", "", "C", 66.93, 66.93, 43.31, 90],
		[39, "H3_12", 1786.78, -3711.79, "T", "DIP", "D6", "", "C", 66.93, 66.93, 43.31, 90],
		[40, "H3_12", 1786.78, -3711.79, "B", "DIP", "D6", "", "C", 66.93, 66.93, 43.31, 90],
		[41, "H3_13", 1886.78, -3611.79, "T", "DIP", "D9", "", "C", 66.93, 66.93, 43.31, 90],
		[42, "H3_13", 1886.78, -3611.79, "B", "DIP", "D9", "", "C", 66.93, 66.93, 43.31, 90],
		[43, "H3_14", 1786.78, -3611.79, "T", "DIP", "D8", "", "C", 66.93, 66.93, 43.31, 90],
		[44, "H3_14", 1786.78, -3611.79, "B", "DIP", "D8", "", "C", 66.93, 66.93, 43.31, 90],
		[45, "H3_15", 1886.78, -3511.79, "T", "DIP", "D11", "", "C", 66.93, 66.93, 43.31, 90],
		[46, "H3_15", 1886.78, -3511.79, "B", "DIP", "D11", "", "C", 66.93, 66.93, 43.31, 90],
		[47, "H3_16", 1786.78, -3511.79, "T", "DIP", "D10", "", "C", 66.93, 66.93, 43.31, 90],
		[48, "H3_16", 1786.78, -3511.79, "B", "DIP", "D10", "", "C", 66.93, 66.93, 43.31, 90],
		[49, "H3_17", 1886.78, -3411.79, "T", "DIP", "D13", "", "C", 66.93, 66.93, 43.31, 90],
		[50, "H3_17", 1886.78, -3411.79, "B", "DIP", "D13", "", "C", 66.93, 66.93, 43.31, 90],
		[51, "H3_18", 1786.78, -3411.79, "T", "DIP", "D12", "", "C", 66.93, 66.93, 43.31, 90],
		[52, "H3_18", 1786.78, -3411.79, "B", "DIP", "D12", "", "C", 66.93, 66.93, 43.31, 90],
		[53, "H3_19", 1886.78, -3311.79, "T", "DIP", "D15", "", "C", 66.93, 66.93, 43.31, 90],
		[54, "H3_19", 1886.78, -3311.79, "B", "DIP", "D15", "", "C", 66.93, 66.93, 43.31, 90],
		[55, "H3_20", 1786.78, -3311.79, "T", "DIP", "D14", "", "C", 66.93, 66.93, 43.31, 90],
		[56, "H3_20", 1786.78, -3311.79, "B", "DIP", "D14", "", "C", 66.93, 66.93, 43.31, 90],
		[57, "H3_21", 1886.78, -3211.79, "T", "DIP", "D17", "", "C", 66.93, 66.93, 43.31, 90],
		[58, "H3_21", 1886.78, -3211.79, "B", "DIP", "D17", "", "C", 66.93, 66.93, 43.31, 90],
		[59, "H3_22", 1786.78, -3211.79, "T", "DIP", "D16", "", "C", 66.93, 66.93, 43.31, 90],
		[60, "H3_22", 1786.78, -3211.79, "B", "DIP", "D16", "", "C", 66.93, 66.93, 43.31, 90],
		[61, "H3_23", 1886.78, -3111.79, "T", "DIP", "D19", "", "C", 66.93, 66.93, 43.31, 90],
		[62, "H3_23", 1886.78, -3111.79, "B", "DIP", "D19", "", "C", 66.93, 66.93, 43.31, 90],
		[63, "H3_24", 1786.78, -3111.79, "T", "DIP", "D18", "", "C", 66.93, 66.93, 43.31, 90],
		[64, "H3_24", 1786.78, -3111.79, "B", "DIP", "D18", "", "C", 66.93, 66.93, 43.31, 90],
		[65, "H3_25", 1886.78, -3011.79, "T", "DIP", "D21", "", "C", 66.93, 66.93, 43.31, 90],
		[66, "H3_25", 1886.78, -3011.79, "B", "DIP", "D21", "", "C", 66.93, 66.93, 43.31, 90],
		[67, "H3_26", 1786.78, -3011.79, "T", "DIP", "D20", "", "C", 66.93, 66.93, 43.31, 90],
		[68, "H3_26", 1786.78, -3011.79, "B", "DIP", "D20", "", "C", 66.93, 66.93, 43.31, 90],
		[69, "H3_27", 1886.78, -2911.79, "T", "DIP", "D23", "", "C", 66.93, 66.93, 43.31, 90],
		[70, "H3_27", 1886.78, -2911.79, "B", "DIP", "D23", "", "C", 66.93, 66.93, 43.31, 90],
		[71, "H3_28", 1786.78, -2911.79, "T", "DIP", "D22", "", "C", 66.93, 66.93, 43.31, 90],
		[72, "H3_28", 1786.78, -2911.79, "B", "DIP", "D22", "", "C", 66.93, 66.93, 43.31, 90],
		[73, "H3_29", 1886.78, -2811.79, "T", "DIP", "D25", "", "C", 66.93, 66.93, 43.31, 90],
		[74, "H3_29", 1886.78, -2811.79, "B", "DIP", "D25", "", "C", 66.93, 66.93, 43.31, 90],
		[75, "H3_30", 1786.78, -2811.79, "T", "DIP", "D24", "", "C", 66.93, 66.93, 43.31, 90],
		[76, "H3_30", 1786.78, -2811.79, "B", "DIP", "D24", "", "C", 66.93, 66.93, 43.31, 90],
		[77, "H3_31", 1886.78, -2711.79, "T", "DIP", "D27", "", "C", 66.93, 66.93, 43.31, 90],
		[78, "H3_31", 1886.78, -2711.79, "B", "DIP", "D27", "", "C", 66.93, 66.93, 43.31, 90],
		[79, "H3_32", 1786.78, -2711.79, "T", "DIP", "D26", "", "C", 66.93, 66.93, 43.31, 90],
		[80, "H3_32", 1786.78, -2711.79, "B", "DIP", "D26", "", "C", 66.93, 66.93, 43.31, 90],
		[81, "H3_33", 1886.78, -2611.79, "T", "DIP", "D29", "", "C", 66.93, 66.93, 43.31, 90],
		[82, "H3_33", 1886.78, -2611.79, "B", "DIP", "D29", "", "C", 66.93, 66.93, 43.31, 90],
		[83, "H3_34", 1786.78, -2611.79, "T", "DIP", "D28", "", "C", 66.93, 66.93, 43.31, 90],
		[84, "H3_34", 1786.78, -2611.79, "B", "DIP", "D28", "", "C", 66.93, 66.93, 43.31, 90],
		[85, "H3_35", 1886.78, -2511.79, "T", "DIP", "D31", "", "C", 66.93, 66.93, 43.31, 90],
		[86, "H3_35", 1886.78, -2511.79, "B", "DIP", "D31", "", "C", 66.93, 66.93, 43.31, 90],
		[87, "H3_36", 1786.78, -2511.79, "T", "DIP", "D30", "", "C", 66.93, 66.93, 43.31, 90],
		[88, "H3_36", 1786.78, -2511.79, "B", "DIP", "D30", "", "C", 66.93, 66.93, 43.31, 90],
		[89, "H4_1", 2881.79, -2483.25, "T", "DIP", "A1", "", "R", 78.74, 78.74, 47.24, 270],
		[90, "H4_1", 2881.79, -2483.25, "B", "DIP", "A1", "", "R", 78.74, 78.74, 47.24, 270],
		[91, "H4_2", 2981.79, -2483.25, "T", "DIP", "A0", "", "C", 78.74, 78.74, 47.24, 270],
		[92, "H4_2", 2981.79, -2483.25, "B", "DIP", "A0", "", "C", 78.74, 78.74, 47.24, 270],
		[93, "H4_3", 2881.79, -2583.25, "T", "DIP", "A3", "", "C", 78.74, 78.74, 47.24, 270],
		[94, "H4_3", 2881.79, -2583.25, "B", "DIP", "A3", "", "C", 78.74, 78.74, 47.24, 270],
		[95, "H4_4", 2981.79, -2583.25, "T", "DIP", "A2", "", "C", 78.74, 78.74, 47.24, 270],
		[96, "H4_4", 2981.79, -2583.25, "B", "DIP", "A2", "", "C", 78.74, 78.74, 47.24, 270],
		[97, "H4_5", 2881.79, -2683.25, "T", "DIP", "A5", "", "C", 78.74, 78.74, 47.24, 270],
		[98, "H4_5", 2881.79, -2683.25, "B", "DIP", "A5", "", "C", 78.74, 78.74, 47.24, 270],
		[99, "H4_6", 2981.79, -2683.25, "T", "DIP", "A4", "", "C", 78.74, 78.74, 47.24, 270],
		[100, "H4_6", 2981.79, -2683.25, "B", "DIP", "A4", "", "C", 78.74, 78.74, 47.24, 270],
		[101, "H4_7", 2881.79, -2783.25, "T", "DIP", "A7", "", "C", 78.74, 78.74, 47.24, 270],
		[102, "H4_7", 2881.79, -2783.25, "B", "DIP", "A7", "", "C", 78.74, 78.74, 47.24, 270],
		[103, "H4_8", 2981.79, -2783.25, "T", "DIP", "A6", "", "C", 78.74, 78.74, 47.24, 270],
		[104, "H4_8", 2981.79, -2783.25, "B", "DIP", "A6", "", "C", 78.74, 78.74, 47.24, 270],
		[105, "H4_9", 2881.79, -2883.25, "T", "DIP", "A9", "", "C", 78.74, 78.74, 47.24, 270],
		[106, "H4_9", 2881.79, -2883.25, "B", "DIP", "A9", "", "C", 78.74, 78.74, 47.24, 270],
		[107, "H4_10", 2981.79, -2883.25, "T", "DIP", "A8", "", "C", 78.74, 78.74, 47.24, 270],
		[108, "H4_10", 2981.79, -2883.25, "B", "DIP", "A8", "", "C", 78.74, 78.74, 47.24, 270],
		[109, "H4_11", 2881.79, -2983.25, "T", "DIP", "A11", "", "C", 78.74, 78.74, 47.24, 270],
		[110, "H4_11", 2881.79, -2983.25, "B", "DIP", "A11", "", "C", 78.74, 78.74, 47.24, 270],
		[111, "H4_12", 2981.79, -2983.25, "T", "DIP", "A10", "", "C", 78.74, 78.74, 47.24, 270],
		[112, "H4_12", 2981.79, -2983.25, "B", "DIP", "A10", "", "C", 78.74, 78.74, 47.24, 270],
		[113, "H4_13", 2881.79, -3083.25, "T", "DIP", "A13", "", "C", 78.74, 78.74, 47.24, 270],
		[114, "H4_13", 2881.79, -3083.25, "B", "DIP", "A13", "", "C", 78.74, 78.74, 47.24, 270],
		[115, "H4_14", 2981.79, -3083.25, "T", "DIP", "A12", "", "C", 78.74, 78.74, 47.24, 270],
		[116, "H4_14", 2981.79, -3083.25, "B", "DIP", "A12", "", "C", 78.74, 78.74, 47.24, 270],
		[117, "H4_15", 2881.79, -3183.25, "T", "DIP", "A15", "", "C", 78.74, 78.74, 47.24, 270],
		[118, "H4_15", 2881.79, -3183.25, "B", "DIP", "A15", "", "C", 78.74, 78.74, 47.24, 270],
		[119, "H4_16", 2981.79, -3183.25, "T", "DIP", "A14", "", "C", 78.74, 78.74, 47.24, 270],
		[120, "H4_16", 2981.79, -3183.25, "B", "DIP", "A14", "", "C", 78.74, 78.74, 47.24, 270],
		[121, "H4_17", 2881.79, -3283.25, "T", "DIP", "D33", "", "C", 78.74, 78.74, 47.24, 270],
		[122, "H4_17", 2881.79, -3283.25, "B", "DIP", "D33", "", "C", 78.74, 78.74, 47.24, 270],
		[123, "H4_18", 2981.79, -3283.25, "T", "DIP", "D32", "", "C", 78.74, 78.74, 47.24, 270],
		[124, "H4_18", 2981.79, -3283.25, "B", "DIP", "D32", "", "C", 78.74, 78.74, 47.24, 270],
		[125, "H4_19", 2881.79, -3383.25, "T", "DIP", "D35", "", "C", 78.74, 78.74, 47.24, 270],
		[126, "H4_19", 2881.79, -3383.25, "B", "DIP", "D35", "", "C", 78.74, 78.74, 47.24, 270],
		[127, "H4_20", 2981.79, -3383.25, "T", "DIP", "D34", "", "C", 78.74, 78.74, 47.24, 270],
		[128, "H4_20", 2981.79, -3383.25, "B", "DIP", "D34", "", "C", 78.74, 78.74, 47.24, 270],
		[129, "H4_21", 2881.79, -3483.25, "T", "DIP", "D37", "", "C", 78.74, 78.74, 47.24, 270],
		[130, "H4_21", 2881.79, -3483.25, "B", "DIP", "D37", "", "C", 78.74, 78.74, 47.24, 270],
		[131, "H4_22", 2981.79, -3483.25, "T", "DIP", "D36", "", "C", 78.74, 78.74, 47.24, 270],
		[132, "H4_22", 2981.79, -3483.25, "B", "DIP", "D36", "", "C", 78.74, 78.74, 47.24, 270],
		[133, "H4_23", 2881.79, -3583.25, "T", "DIP", "D39", "", "C", 78.74, 78.74, 47.24, 270],
		[134, "H4_23", 2881.79, -3583.25, "B", "DIP", "D39", "", "C", 78.74, 78.74, 47.24, 270],
		[135, "H4_24", 2981.79, -3583.25, "T", "DIP", "D38", "", "C", 78.74, 78.74, 47.24, 270],
		[136, "H4_24", 2981.79, -3583.25, "B", "DIP", "D38", "", "C", 78.74, 78.74, 47.24, 270],
		[137, "H4_25", 2881.79, -3683.25, "T", "DIP", "D41", "", "C", 78.74, 78.74, 47.24, 270],
		[138, "H4_25", 2881.79, -3683.25, "B", "DIP", "D41", "", "C", 78.74, 78.74, 47.24, 270],
		[139, "H4_26", 2981.79, -3683.25, "T", "DIP", "D40", "", "C", 78.74, 78.74, 47.24, 270],
		[140, "H4_26", 2981.79, -3683.25, "B", "DIP", "D40", "", "C", 78.74, 78.74, 47.24, 270],
		[141, "H4_27", 2881.79, -3783.25, "T", "DIP", "D43", "", "C", 78.74, 78.74, 47.24, 270],
		[142, "H4_27", 2881.79, -3783.25, "B", "DIP", "D43", "", "C", 78.74, 78.74, 47.24, 270],
		[143, "H4_28", 2981.79, -3783.25, "T", "DIP", "D42", "", "C", 78.74, 78.74, 47.24, 270],
		[144, "H4_28", 2981.79, -3783.25, "B", "DIP", "D42", "", "C", 78.74, 78.74, 47.24, 270],
		[145, "H4_29", 2881.79, -3883.25, "T", "DIP", "D45", "", "C", 78.74, 78.74, 47.24, 270],
		[146, "H4_29", 2881.79, -3883.25, "B", "DIP", "D45", "", "C", 78.74, 78.74, 47.24, 270],
		[147, "H4_30", 2981.79, -3883.25, "T", "DIP", "D44", "", "C", 78.74, 78.74, 47.24, 270],
		[148, "H4_30", 2981.79, -3883.25, "B", "DIP", "D44", "", "C", 78.74, 78.74, 47.24, 270],
		[149, "H4_31", 2881.79, -3983.25, "T", "DIP", "D47", "", "C", 78.74, 78.74, 47.24, 270],
		[150, "H4_31", 2881.79, -3983.25, "B", "DIP", "D47", "", "C", 78.74, 78.74, 47.24, 270],
		[151, "H4_32", 2981.79, -3983.25, "T", "DIP", "D46", "", "C", 78.74, 78.74, 47.24, 270],
		[152, "H4_32", 2981.79, -3983.25, "B", "DIP", "D46", "", "C", 78.74, 78.74, 47.24, 270],
		[153, "H5_1", 2981.79, -4083.25, "T", "DIP", "D49", "", "R", 66.93, 62.99, 39.37, 180],
		[154, "H5_1", 2981.79, -4083.25, "B", "DIP", "D49", "", "R", 66.93, 62.99, 39.37, 180],
		[155, "H5_2", 2981.79, -4183.25, "T", "DIP", "D48", "", "C", 62.99, 62.99, 39.37, 180],
		[156, "H5_2", 2981.79, -4183.25, "B", "DIP", "D48", "", "C", 62.99, 62.99, 39.37, 180],
		[157, "H5_3", 2881.79, -4083.25, "T", "DIP", "MOSI", "", "C", 62.99, 62.99, 39.37, 180],
		[158, "H5_3", 2881.79, -4083.25, "B", "DIP", "MOSI", "", "C", 62.99, 62.99, 39.37, 180],
		[159, "H5_4", 2881.79, -4183.25, "T", "DIP", "MISO", "", "C", 62.99, 62.99, 39.37, 180],
		[160, "H5_4", 2881.79, -4183.25, "B", "DIP", "MISO", "", "C", 62.99, 62.99, 39.37, 180],
		[161, "H5_5", 2781.79, -4083.25, "T", "DIP", "D53", "", "C", 62.99, 62.99, 39.37, 180],
		[162, "H5_5", 2781.79, -4083.25, "B", "DIP", "D53", "", "C", 62.99, 62.99, 39.37, 180],
		[163, "H5_6", 2781.79, -4183.25, "T", "DIP", "SCK", "", "C", 62.99, 62.99, 39.37, 180],
		[164, "H5_6", 2781.79, -4183.25, "B", "DIP", "SCK", "", "C", 62.99, 62.99, 39.37, 180],
		[165, "LED_1", 4288.53, -2550.01, "T", "SMD", "$1N2730", "", "R", 31.5, 31.5, 0, 90],
		[166, "LED_2", 4351.47, -2549.99, "T", "SMD", "D13", "", "R", 31.5, 31.5, 0, 90],
		[167, "PWR_1", 4289.39, -2675.01, "T", "SMD", "$1N2846", "", "R", 31.5, 31.5, 0, 90],
		[168, "PWR_2", 4352.34, -2674.99, "T", "SMD", "VCC", "", "R", 31.5, 31.5, 0, 90],
		[169, "R1_1", 2130.01, -1891.79, "T", "SMD", "VCC", "", "R", 47.54, 66.97, 0, 180],
		[170, "R1_2", 2013.57, -1891.79, "T", "SMD", "RST", "", "R", 47.54, 66.97, 0, 180],
		[171, "R2_1", 4031.78, -3305, "T", "SMD", "RX0", "", "R", 47.54, 66.97, 0, 0],
		[172, "R2_2", 4148.22, -3305, "T", "SMD", "$1N2135", "", "R", 47.54, 66.97, 0, 0],
		[173, "R3_1", 4031.78, -3180, "T", "SMD", "TX0", "", "R", 47.54, 66.97, 0, 0],
		[174, "R3_2", 4148.22, -3180, "T", "SMD", "$1N2257", "", "R", 47.54, 66.97, 0, 0],
		[175, "R4_1", 4031.78, -2550, "T", "SMD", "GND", "GND", "R", 47.54, 66.97, 0, 0],
		[176, "R4_2", 4148.22, -2550, "T", "SMD", "$1N2730", "", "R", 47.54, 66.97, 0, 0],
		[177, "R5_1", 4031.78, -2675, "T", "SMD", "GND", "GND", "R", 47.54, 66.97, 0, 0],
		[178, "R5_2", 4148.22, -2675, "T", "SMD", "$1N2846", "", "R", 47.54, 66.97, 0, 0],
		[179, "R6_1", 3806.78, -3305, "T", "SMD", "TX", "", "R", 47.54, 66.97, 0, 0],
		[180, "R6_2", 3923.22, -3305, "T", "SMD", "RX0", "", "R", 47.54, 66.97, 0, 0],
		[181, "R7_1", 3808.19, -3179.15, "T", "SMD", "RX", "", "R", 47.54, 66.97, 0, 0],
		[182, "R7_2", 3924.63, -3179.15, "T", "SMD", "TX0", "", "R", 47.54, 66.97, 0, 0],
		[183, "RX_1", 4288.53, -3305.01, "T", "SMD", "$1N2135", "", "R", 31.5, 31.5, 0, 90],
		[184, "RX_2", 4351.47, -3304.99, "T", "SMD", "VCC", "", "R", 31.5, 31.5, 0, 90],
		[185, "SW1_1", 3783.98, -3705, "T", "SMD", "GND", "GND", "R", 48.42, 53.54, 0, 0],
		[186, "SW1_2", 3956.02, -3705, "T", "SMD", "RST", "", "R", 48.42, 53.54, 0, 0],
		[187, "TX_1", 4289.39, -3180.01, "T", "SMD", "$1N2257", "", "R", 31.5, 31.5, 0, 90],
		[188, "TX_2", 4352.34, -3179.99, "T", "SMD", "VCC", "", "R", 31.5, 31.5, 0, 90],
		[189, "U1_1", 1918.64, -1100.57, "T", "SMD", "D4", "", "O", 11.02, 62.99, 0, 270],
		[190, "U1_2", 1918.64, -1120.26, "T", "SMD", "RX0", "", "O", 11.02, 62.99, 0, 270],
		[191, "U1_3", 1918.64, -1139.94, "T", "SMD", "TX0", "", "O", 11.02, 62.99, 0, 270],
		[192, "U1_4", 1918.64, -1159.63, "T", "SMD", "U1_4", "", "O", 11.02, 62.99, 0, 270],
		[193, "U1_5", 1918.64, -1179.31, "T", "SMD", "D5", "", "O", 11.02, 62.99, 0, 270],
		[194, "U1_6", 1918.64, -1199, "T", "SMD", "D2", "", "O", 11.02, 62.99, 0, 270],
		[195, "U1_7", 1918.64, -1218.68, "T", "SMD", "D3", "", "O", 11.02, 62.99, 0, 270],
		[196, "U1_8", 1918.64, -1238.37, "T", "SMD", "U1_8", "", "O", 11.02, 62.99, 0, 270],
		[197, "U1_9", 1918.64, -1258.05, "T", "SMD", "U1_9", "", "O", 11.02, 62.99, 0, 270],
		[198, "U1_10", 1918.64, -1277.74, "T", "SMD", "VCC", "", "O", 11.02, 62.99, 0, 270],
		[199, "U1_11", 1918.64, -1297.42, "T", "SMD", "GND", "GND", "O", 11.02, 62.99, 0, 270],
		[200, "U1_12", 1918.64, -1317.11, "T", "SMD", "D17", "", "O", 11.02, 62.99, 0, 270],
		[201, "U1_13", 1918.64, -1336.79, "T", "SMD", "D16", "", "O", 11.02, 62.99, 0, 270],
		[202, "U1_14", 1918.64, -1356.48, "T", "SMD", "U1_14", "", "O", 11.02, 62.99, 0, 270],
		[203, "U1_15", 1918.64, -1376.16, "T", "SMD", "D6", "", "O", 11.02, 62.99, 0, 270],
		[204, "U1_16", 1918.64, -1395.85, "T", "SMD", "D7", "", "O", 11.02, 62.99, 0, 270],
		[205, "U1_17", 1918.64, -1415.53, "T", "SMD", "D8", "", "O", 11.02, 62.99, 0, 270],
		[206, "U1_18", 1918.64, -1435.22, "T", "SMD", "D9", "", "O", 11.02, 62.99, 0, 270],
		[207, "U1_19", 1918.64, -1454.9, "T", "SMD", "D53", "", "O", 11.02, 62.99, 0, 270],
		[208, "U1_20", 1918.64, -1474.59, "T", "SMD", "SCK", "", "O", 11.02, 62.99, 0, 270],
		[209, "U1_21", 1918.64, -1494.27, "T", "SMD", "MOSI", "", "O", 11.02, 62.99, 0, 270],
		[210, "U1_22", 1918.64, -1513.96, "T", "SMD", "MISO", "", "O", 11.02, 62.99, 0, 270],
		[211, "U1_23", 1918.64, -1533.64, "T", "SMD", "D10", "", "O", 11.02, 62.99, 0, 270],
		[212, "U1_24", 1918.64, -1553.33, "T", "SMD", "D11", "", "O", 11.02, 62.99, 0, 270],
		[213, "U1_25", 1918.64, -1573.01, "T", "SMD", "D12", "", "O", 11.02, 62.99, 0, 270],
		[214, "U1_26", 1985.57, -1639.94, "T", "SMD", "D13", "", "O", 62.99, 11.02, 0, 270],
		[215, "U1_27", 2005.25, -1639.94, "T", "SMD", "U1_27", "", "O", 62.99, 11.02, 0, 270],
		[216, "U1_28", 2024.94, -1639.94, "T", "SMD", "U1_28", "", "O", 62.99, 11.02, 0, 270],
		[217, "U1_29", 2044.62, -1639.94, "T", "SMD", "U1_29", "", "O", 62.99, 11.02, 0, 270],
		[218, "U1_30", 2064.31, -1639.94, "T", "SMD", "RST", "", "O", 62.99, 11.02, 0, 270],
		[219, "U1_31", 2083.99, -1639.94, "T", "SMD", "VCC", "", "O", 62.99, 11.02, 0, 270],
		[220, "U1_32", 2103.68, -1639.94, "T", "SMD", "GND", "GND", "O", 62.99, 11.02, 0, 270],
		[221, "U1_33", 2123.36, -1639.94, "T", "SMD", "$1N1443", "", "O", 62.99, 11.02, 0, 270],
		[222, "U1_34", 2143.05, -1639.94, "T", "SMD", "$1N1420", "", "O", 62.99, 11.02, 0, 270],
		[223, "U1_35", 2162.73, -1639.94, "T", "SMD", "D49", "", "O", 62.99, 11.02, 0, 270],
		[224, "U1_36", 2182.42, -1639.94, "T", "SMD", "D48", "", "O", 62.99, 11.02, 0, 270],
		[225, "U1_37", 2202.1, -1639.94, "T", "SMD", "D47", "", "O", 62.99, 11.02, 0, 270],
		[226, "U1_38", 2221.79, -1639.94, "T", "SMD", "D46", "", "O", 62.99, 11.02, 0, 270],
		[227, "U1_39", 2241.47, -1639.94, "T", "SMD", "D45", "", "O", 62.99, 11.02, 0, 270],
		[228, "U1_40", 2261.16, -1639.94, "T", "SMD", "D44", "", "O", 62.99, 11.02, 0, 270],
		[229, "U1_41", 2280.84, -1639.94, "T", "SMD", "D43", "", "O", 62.99, 11.02, 0, 270],
		[230, "U1_42", 2300.53, -1639.94, "T", "SMD", "D42", "", "O", 62.99, 11.02, 0, 270],
		[231, "U1_43", 2320.21, -1639.94, "T", "SMD", "D21", "", "O", 62.99, 11.02, 0, 270],
		[232, "U1_44", 2339.9, -1639.94, "T", "SMD", "D20", "", "O", 62.99, 11.02, 0, 270],
		[233, "U1_45", 2359.58, -1639.94, "T", "SMD", "D19", "", "O", 62.99, 11.02, 0, 270],
		[234, "U1_46", 2379.27, -1639.94, "T", "SMD", "D18", "", "O", 62.99, 11.02, 0, 270],
		[235, "U1_47", 2398.95, -1639.94, "T", "SMD", "U1_47", "", "O", 62.99, 11.02, 0, 270],
		[236, "U1_48", 2418.64, -1639.94, "T", "SMD", "U1_48", "", "O", 62.99, 11.02, 0, 270],
		[237, "U1_49", 2438.32, -1639.94, "T", "SMD", "U1_49", "", "O", 62.99, 11.02, 0, 270],
		[238, "U1_50", 2458.01, -1639.94, "T", "SMD", "D38", "", "O", 62.99, 11.02, 0, 270],
		[239, "U1_51", 2524.94, -1573.01, "T", "SMD", "D41", "", "O", 11.02, 62.99, 0, 270],
		[240, "U1_52", 2524.94, -1553.33, "T", "SMD", "D40", "", "O", 11.02, 62.99, 0, 270],
		[241, "U1_53", 2524.94, -1533.64, "T", "SMD", "D37", "", "O", 11.02, 62.99, 0, 270],
		[242, "U1_54", 2524.94, -1513.96, "T", "SMD", "D36", "", "O", 11.02, 62.99, 0, 270],
		[243, "U1_55", 2524.94, -1494.27, "T", "SMD", "D35", "", "O", 11.02, 62.99, 0, 270],
		[244, "U1_56", 2524.94, -1474.59, "T", "SMD", "D34", "", "O", 11.02, 62.99, 0, 270],
		[245, "U1_57", 2524.94, -1454.9, "T", "SMD", "D33", "", "O", 11.02, 62.99, 0, 270],
		[246, "U1_58", 2524.94, -1435.22, "T", "SMD", "D32", "", "O", 11.02, 62.99, 0, 270],
		[247, "U1_59", 2524.94, -1415.53, "T", "SMD", "D31", "", "O", 11.02, 62.99, 0, 270],
		[248, "U1_60", 2524.94, -1395.85, "T", "SMD", "D30", "", "O", 11.02, 62.99, 0, 270],
		[249, "U1_61", 2524.94, -1376.16, "T", "SMD", "VCC", "", "O", 11.02, 62.99, 0, 270],
		[250, "U1_62", 2524.94, -1356.48, "T", "SMD", "GND", "GND", "O", 11.02, 62.99, 0, 270],
		[251, "U1_63", 2524.94, -1336.79, "T", "SMD", "D15", "", "O", 11.02, 62.99, 0, 270],
		[252, "U1_64", 2524.94, -1317.11, "T", "SMD", "D14", "", "O", 11.02, 62.99, 0, 270],
		[253, "U1_65", 2524.94, -1297.42, "T", "SMD", "U1_65", "", "O", 11.02, 62.99, 0, 270],
		[254, "U1_66", 2524.94, -1277.74, "T", "SMD", "U1_66", "", "O", 11.02, 62.99, 0, 270],
		[255, "U1_67", 2524.94, -1258.05, "T", "SMD", "U1_67", "", "O", 11.02, 62.99, 0, 270],
		[256, "U1_68", 2524.94, -1238.37, "T", "SMD", "U1_68", "", "O", 11.02, 62.99, 0, 270],
		[257, "U1_69", 2524.94, -1218.68, "T", "SMD", "U1_69", "", "O", 11.02, 62.99, 0, 270],
		[258, "U1_70", 2524.94, -1199, "T", "SMD", "D39", "", "O", 11.02, 62.99, 0, 270],
		[259, "U1_71", 2524.94, -1179.31, "T", "SMD", "D29", "", "O", 11.02, 62.99, 0, 270],
		[260, "U1_72", 2524.94, -1159.63, "T", "SMD", "D28", "", "O", 11.02, 62.99, 0, 270],
		[261, "U1_73", 2524.94, -1139.94, "T", "SMD", "D27", "", "O", 11.02, 62.99, 0, 270],
		[262, "U1_74", 2524.94, -1120.26, "T", "SMD", "D26", "", "O", 11.02, 62.99, 0, 270],
		[263, "U1_75", 2524.94, -1100.57, "T", "SMD", "D25", "", "O", 11.02, 62.99, 0, 270],
		[264, "U1_76", 2458.01, -1033.64, "T", "SMD", "D24", "", "O", 62.99, 11.02, 0, 270],
		[265, "U1_77", 2438.32, -1033.64, "T", "SMD", "D23", "", "O", 62.99, 11.02, 0, 270],
		[266, "U1_78", 2418.64, -1033.64, "T", "SMD", "D22", "", "O", 62.99, 11.02, 0, 270],
		[267, "U1_79", 2398.95, -1033.64, "T", "SMD", "U1_79", "", "O", 62.99, 11.02, 0, 270],
		[268, "U1_80", 2379.27, -1033.64, "T", "SMD", "VCC", "", "O", 62.99, 11.02, 0, 270],
		[269, "U1_81", 2359.58, -1033.64, "T", "SMD", "GND", "GND", "O", 62.99, 11.02, 0, 270],
		[270, "U1_82", 2339.9, -1033.64, "T", "SMD", "A15", "", "O", 62.99, 11.02, 0, 270],
		[271, "U1_83", 2320.21, -1033.64, "T", "SMD", "A14", "", "O", 62.99, 11.02, 0, 270],
		[272, "U1_84", 2300.53, -1033.64, "T", "SMD", "A13", "", "O", 62.99, 11.02, 0, 270],
		[273, "U1_85", 2280.84, -1033.64, "T", "SMD", "A12", "", "O", 62.99, 11.02, 0, 270],
		[274, "U1_86", 2261.16, -1033.64, "T", "SMD", "A11", "", "O", 62.99, 11.02, 0, 270],
		[275, "U1_87", 2241.47, -1033.64, "T", "SMD", "A10", "", "O", 62.99, 11.02, 0, 270],
		[276, "U1_88", 2221.79, -1033.64, "T", "SMD", "A9", "", "O", 62.99, 11.02, 0, 270],
		[277, "U1_89", 2202.1, -1033.64, "T", "SMD", "A8", "", "O", 62.99, 11.02, 0, 270],
		[278, "U1_90", 2182.42, -1033.64, "T", "SMD", "A7", "", "O", 62.99, 11.02, 0, 270],
		[279, "U1_91", 2162.73, -1033.64, "T", "SMD", "A6", "", "O", 62.99, 11.02, 0, 270],
		[280, "U1_92", 2143.05, -1033.64, "T", "SMD", "A5", "", "O", 62.99, 11.02, 0, 270],
		[281, "U1_93", 2123.36, -1033.64, "T", "SMD", "A4", "", "O", 62.99, 11.02, 0, 270],
		[282, "U1_94", 2103.68, -1033.64, "T", "SMD", "A3", "", "O", 62.99, 11.02, 0, 270],
		[283, "U1_95", 2083.99, -1033.64, "T", "SMD", "A2", "", "O", 62.99, 11.02, 0, 270],
		[284, "U1_96", 2064.31, -1033.64, "T", "SMD", "A1", "", "O", 62.99, 11.02, 0, 270],
		[285, "U1_97", 2044.62, -1033.64, "T", "SMD", "A0", "", "O", 62.99, 11.02, 0, 270],
		[286, "U1_98", 2024.94, -1033.64, "T", "SMD", "$1N1069", "", "O", 62.99, 11.02, 0, 270],
		[287, "U1_99", 2005.25, -1033.64, "T", "SMD", "GND", "GND", "O", 62.99, 11.02, 0, 270],
		[288, "U1_100", 1985.57, -1033.64, "T", "SMD", "VCC", "", "O", 62.99, 11.02, 0, 270],
		[289, "U2_1", 3475, -2717.7, "T", "SMD", "GND", "GND", "O", 23.7, 77.6, 0, 0],
		[290, "U2_2", 3525, -2717.7, "T", "SMD", "TX", "", "O", 23.7, 77.6, 0, 0],
		[291, "U2_3", 3575, -2717.7, "T", "SMD", "RX", "", "O", 23.7, 77.6, 0, 0],
		[292, "U2_4", 3625, -2717.7, "T", "SMD", "3V", "", "O", 23.7, 77.6, 0, 0],
		[293, "U2_5", 3675, -2717.7, "T", "SMD", "D+", "", "O", 23.7, 77.6, 0, 0],
		[294, "U2_6", 3725, -2717.7, "T", "SMD", "D-", "", "O", 23.7, 77.6, 0, 0],
		[295, "U2_7", 3775, -2717.7, "T", "SMD", "U2_7", "", "O", 23.7, 77.6, 0, 0],
		[296, "U2_8", 3825, -2717.7, "T", "SMD", "U2_8", "", "O", 23.7, 77.6, 0, 0],
		[297, "U2_9", 3825, -2502.3, "T", "SMD", "U2_9", "", "O", 23.7, 77.6, 0, 0],
		[298, "U2_10", 3775, -2502.3, "T", "SMD", "U2_10", "", "O", 23.7, 77.6, 0, 0],
		[299, "U2_11", 3725, -2502.3, "T", "SMD", "U2_11", "", "O", 23.7, 77.6, 0, 0],
		[300, "U2_12", 3675, -2502.3, "T", "SMD", "U2_12", "", "O", 23.7, 77.6, 0, 0],
		[301, "U2_13", 3625, -2502.3, "T", "SMD", "$1N1959", "", "O", 23.7, 77.6, 0, 0],
		[302, "U2_14", 3575, -2502.3, "T", "SMD", "U2_14", "", "O", 23.7, 77.6, 0, 0],
		[303, "U2_15", 3525, -2502.3, "T", "SMD", "U2_15", "", "O", 23.7, 77.6, 0, 0],
		[304, "U2_16", 3475, -2502.3, "T", "SMD", "U2_16", "", "O", 23.7, 77.6, 0, 0],
		[305, "USB1_1", 4227.84, -2941.18, "T", "SMD", "VCC", "", "R", 49.21, 15.75, 0, 0],
		[306, "USB1_2", 4227.84, -2915.59, "T", "SMD", "D-", "", "R", 49.21, 15.75, 0, 0],
		[307, "USB1_3", 4227.84, -2890, "T", "SMD", "D+", "", "R", 49.21, 15.75, 0, 0],
		[308, "USB1_4", 4227.84, -2864.41, "T", "SMD", "USB1_4", "", "R", 49.21, 15.75, 0, 0],
		[309, "USB1_5", 4227.84, -2838.82, "T", "SMD", "GND", "GND", "R", 49.21, 15.75, 0, 0],
		[310, "USB1_SH0", 4227.83, -2985.47, "T", "DIP", "GND", "GND", "C", 47.24, 47.24, 27.56, 90],
		[311, "USB1_SH0", 4227.83, -2985.47, "B", "DIP", "GND", "GND", "C", 47.24, 47.24, 27.56, 90],
		[312, "USB1_SH1", 4332.16, -3031.73, "T", "DIP", "GND", "GND", "O", 51.18, 86.61, 59.06, 90],
		[313, "USB1_SH1", 4332.16, -3031.73, "B", "DIP", "GND", "GND", "O", 51.18, 86.61, 59.06, 90],
		[314, "USB1_SH2", 4332.16, -2748.27, "T", "DIP", "GND", "GND", "O", 51.18, 86.61, 59.06, 90],
		[315, "USB1_SH2", 4332.16, -2748.27, "B", "DIP", "GND", "GND", "O", 51.18, 86.61, 59.06, 90],
		[316, "USB1_SH3", 4227.83, -2794.53, "T", "DIP", "GND", "GND", "C", 47.24, 47.24, 27.56, 90],
		[317, "USB1_SH3", 4227.83, -2794.53, "B", "DIP", "GND", "GND", "C", 47.24, 47.24, 27.56, 90],
		[318, "X1_1", 2371.04, -2141.79, "T", "SMD", "$1N1420", "", "R", 216.54, 51.18, 0, 0],
		[319, "X1_2", 2012.54, -2141.79, "T", "SMD", "$1N1443", "", "R", 216.54, 51.18, 0, 0]
	]
}
}